[
    {"id": "1", "name": "Sreeju Raju", "sport": "Football",  "location": "Trivandrum", "description": "Stay updated with the latest fixtures and schedules. Catch your favorite teams and athletes in action as they compete in thrilling matches across various sports. From football and basketball to tennis and cricket, we've got you covered!", "image": "/static/images/avatar/avatar-4.webp", "contentPosition": "left"},
    {"id": "2", "name": "Ahmmed Sukarno","sport": "Athletics",  "location": "Trivandrum", "description": "Get the hottest news from the world of sports. From game-changing trades and transfers to major tournament updates and player injuries, our news section brings you timely and reliable information. Never miss a beat with our comprehensive coverage.", "image": "/static/images/avatar/avatar-1.webp", "contentPosition": "right"},
    {"id": "3", "name": "Asumpta","sport": "Basket Ball",  "location": "Trivandrum", "description": "Dive deep into the strategies, performances, and stats with our expert analysis. Our seasoned analysts and commentators provide detailed breakdowns, predictions, and insights to give you a better understanding of the game. Enhance your sports knowledge and enjoy the games like never before!", "image": "/static/images/avatar/avatar-2.webp", "contentPosition": "right"},
    {"id": "4", "name": "Isabella", "sport": "Swimming", "location": "Trivandrum", "description": "Dive deep into the strategies, performances, and stats with our expert analysis. Our seasoned analysts and commentators provide detailed breakdowns, predictions, and insights to give you a better understanding of the game. Enhance your sports knowledge and enjoy the games like never before!", "image": "/static/images/avatar/avatar-3.webp", "contentPosition": "right"},
{"id": "5", "name": "Deepraj", "sport": "Running", "location": "Trivandrum", "description": "Dive deep into the strategies, performances, and stats with our expert analysis. Our seasoned analysts and commentators provide detailed breakdowns, predictions, and insights to give you a better understanding of the game. Enhance your sports knowledge and enjoy the games like never before!", "image": "/static/images/avatar/avatar-6.webp", "contentPosition": "right"}
]