[
    { "id": "archery", "name": "Archery" },
    { "id": "athletics", "name": "Athletics" },
    { "id": "badminton", "name": "Badminton" },
    { "id": "baseball", "name": "Baseball" },
    { "id": "basketball", "name": "Basketball" },
    { "id": "beach_volleyball", "name": "Beach Volleyball" },
    { "id": "billiards", "name": "Billiards" },
    { "id": "bodybuilding", "name": "Bodybuilding" },
    { "id": "bowling", "name": "Bowling" },
    { "id": "boxing", "name": "Boxing" },
    { "id": "canoeing", "name": "Canoeing" },
    { "id": "chess", "name": "Chess" },
    { "id": "climbing", "name": "Climbing" },
    { "id": "cricket", "name": "Cricket" },
    { "id": "crossfit", "name": "Crossfit" },
    { "id": "curling", "name": "Curling" },
    { "id": "cycling", "name": "Cycling" },
    { "id": "darts", "name": "Darts" },
    { "id": "dodgeball", "name": "Dodgeball" },
    { "id": "equestrian", "name": "Equestrian" },
    { "id": "fencing", "name": "Fencing" },
    { "id": "figure_skating", "name": "Figure Skating" },
    { "id": "fishing", "name": "Fishing" },
    { "id": "football", "name": "Football (Soccer)" },
    { "id": "futsal", "name": "Futsal" },
    { "id": "golf", "name": "Golf" },
    { "id": "gymnastics", "name": "Gymnastics" },
    { "id": "handball", "name": "Handball" },
    { "id": "hiking", "name": "Hiking" },
    { "id": "hockey", "name": "Hockey" },
    { "id": "horse_racing", "name": "Horse Racing" },
    { "id": "ice_hockey", "name": "Ice Hockey" },
    { "id": "ice_skating", "name": "Ice Skating" },
    { "id": "judo", "name": "Judo" },
    { "id": "karate", "name": "Karate" },
    { "id": "kayaking", "name": "Kayaking" },
    { "id": "kickboxing", "name": "Kickboxing" },
    { "id": "lacrosse", "name": "Lacrosse" },
    { "id": "martial_arts", "name": "Martial Arts" },
    { "id": "mma", "name": "Mixed Martial Arts (MMA)" },
    { "id": "motorsport", "name": "Motorsport" },
    { "id": "mountain_biking", "name": "Mountain Biking" },
    { "id": "netball", "name": "Netball" },
    { "id": "paddleboarding", "name": "Paddleboarding" },
    { "id": "paragliding", "name": "Paragliding" },
    { "id": "parkour", "name": "Parkour" },
    { "id": "polo", "name": "Polo" },
    { "id": "racquetball", "name": "Racquetball" },
    { "id": "rock_climbing", "name": "Rock Climbing" },
    { "id": "rowing", "name": "Rowing" },
    { "id": "rugby", "name": "Rugby" },
    { "id": "sailing", "name": "Sailing" },
    { "id": "shooting", "name": "Shooting" },
    { "id": "skateboarding", "name": "Skateboarding" },
    { "id": "skiing", "name": "Skiing" },
    { "id": "snowboarding", "name": "Snowboarding" },
    { "id": "softball", "name": "Softball" },
    { "id": "squash", "name": "Squash" },
    { "id": "surfing", "name": "Surfing" },
    { "id": "swimming", "name": "Swimming" },
    { "id": "table_tennis", "name": "Table Tennis" },
    { "id": "taekwondo", "name": "Taekwondo" },
    { "id": "tennis", "name": "Tennis" },
    { "id": "track_and_field", "name": "Track and Field" },
    { "id": "triathlon", "name": "Triathlon" },
    { "id": "ultimate_frisbee", "name": "Ultimate Frisbee" },
    { "id": "volleyball", "name": "Volleyball" },
    { "id": "water_polo", "name": "Water Polo" },
    { "id": "weightlifting", "name": "Weightlifting" },
    { "id": "wrestling", "name": "Wrestling" },
    { "id": "yoga", "name": "Yoga" }
  ]
  