[
    {
        "@class": "in.gov.lsgkerala.mdm.contract.District",
        "id": 503001,
        "code": "TVP",
        "name": "Thiruvananthapuram",
        "nameInLocal": "തിരുവനന്തപുരം",
        "active": true,
        "districtId": 0,
        "stateId": 502032,
        "mgrnDistrictId": 1,
        "lgdState": "KERALA(State)",
        "lgdDistCodeId": 565,
        "tcsId": 2072,
        "tcsCode": "\"KLTV\""
    },
    {
        "@class": "in.gov.lsgkerala.mdm.contract.District",
        "id": 503002,
        "code": "KLM",
        "name": "Kollam",
        "nameInLocal": "കൊല്ലം",
        "active": true,
        "districtId": 0,
        "stateId": 502032,
        "mgrnDistrictId": 2,
        "lgdState": "KERALA(State)",
        "lgdDistCodeId": 559,
        "tcsId": 2063,
        "tcsCode": "\"KLKL\""
    },
    {
        "@class": "in.gov.lsgkerala.mdm.contract.District",
        "id": 503003,
        "code": "PTT",
        "name": "Pathanamthitta",
        "nameInLocal": "പത്തനംതിട്ട",
        "active": true,
        "districtId": 0,
        "stateId": 502032,
        "mgrnDistrictId": 3,
        "lgdState": "KERALA(State)",
        "lgdDistCodeId": 564,
        "tcsId": 2070,
        "tcsCode": "\"KLPT\""
    },
    {
        "@class": "in.gov.lsgkerala.mdm.contract.District",
        "id": 503004,
        "code": "ALZ",
        "name": "Alappuzha",
        "nameInLocal": "ആലപ്പുഴ",
        "active": true,
        "districtId": 0,
        "stateId": 502032,
        "mgrnDistrictId": 4,
        "lgdState": "KERALA(State)",
        "lgdDistCodeId": 554,
        "tcsId": 2060,
        "tcsCode": "\"KLAL\""
    },
    {
        "@class": "in.gov.lsgkerala.mdm.contract.District",
        "id": 503005,
        "code": "KTM",
        "name": "Kottayam",
        "nameInLocal": "കോട്ടയം",
        "active": true,
        "districtId": 0,
        "stateId": 502032,
        "mgrnDistrictId": 5,
        "lgdState": "KERALA(State)",
        "lgdDistCodeId": 560,
        "tcsId": 2066,
        "tcsCode": "\"KLKT\""
    },
    {
        "@class": "in.gov.lsgkerala.mdm.contract.District",
        "id": 503006,
        "code": "IDK",
        "name": "Idukki",
        "nameInLocal": "ഇടുക്കി",
        "active": true,
        "districtId": 0,
        "stateId": 502032,
        "mgrnDistrictId": 6,
        "lgdState": "KERALA(State)",
        "lgdDistCodeId": 556,
        "tcsId": 2062,
        "tcsCode": "\"KLID\""
    },
    {
        "@class": "in.gov.lsgkerala.mdm.contract.District",
        "id": 503007,
        "code": "ERN",
        "name": "Ernakulam",
        "nameInLocal": "എറണാകുളം",
        "active": true,
        "districtId": 0,
        "stateId": 502032,
        "mgrnDistrictId": 7,
        "lgdState": "KERALA(State)",
        "lgdDistCodeId": 555,
        "tcsId": 2061,
        "tcsCode": "\"KLER\""
    },
    {
        "@class": "in.gov.lsgkerala.mdm.contract.District",
        "id": 503008,
        "code": "TSR",
        "name": "Thrissur",
        "nameInLocal": "തൃശ്ശൂര്‍",
        "active": true,
        "districtId": 0,
        "stateId": 502032,
        "mgrnDistrictId": 8,
        "lgdState": "KERALA(State)",
        "lgdDistCodeId": 566,
        "tcsId": 2071,
        "tcsCode": "\"KLTS\""
    },
    {
        "@class": "in.gov.lsgkerala.mdm.contract.District",
        "id": 503009,
        "code": "PLK",
        "name": "Palakkad",
        "nameInLocal": "പാലക്കാട്",
        "active": true,
        "districtId": 0,
        "stateId": 502032,
        "mgrnDistrictId": 9,
        "lgdState": "KERALA(State)",
        "lgdDistCodeId": 563,
        "tcsId": 2069,
        "tcsCode": "\"KLPL\""
    },
    {
        "@class": "in.gov.lsgkerala.mdm.contract.District",
        "id": 503010,
        "code": "MLP",
        "name": "Malappuram",
        "nameInLocal": "മലപ്പുറം",
        "active": true,
        "districtId": 0,
        "stateId": 502032,
        "mgrnDistrictId": 10,
        "lgdState": "KERALA(State)",
        "lgdDistCodeId": 562,
        "tcsId": 2068,
        "tcsCode": "\"KLMA\""
    },
    {
        "@class": "in.gov.lsgkerala.mdm.contract.District",
        "id": 503011,
        "code": "KOZ",
        "name": "Kozhikode",
        "nameInLocal": "കോഴിക്കോട്",
        "active": true,
        "districtId": 0,
        "stateId": 502032,
        "mgrnDistrictId": 11,
        "lgdState": "KERALA(State)",
        "lgdDistCodeId": 561,
        "tcsId": 2067,
        "tcsCode": "\"KLKZ\""
    },
    {
        "@class": "in.gov.lsgkerala.mdm.contract.District",
        "id": 503012,
        "code": "WAY",
        "name": "Wayanad",
        "nameInLocal": "വയനാട്",
        "active": true,
        "districtId": 0,
        "stateId": 502032,
        "mgrnDistrictId": 12,
        "lgdState": "KERALA(State)",
        "lgdDistCodeId": 567,
        "tcsId": 2073,
        "tcsCode": "\"KLWA\""
    },
    {
        "@class": "in.gov.lsgkerala.mdm.contract.District",
        "id": 503013,
        "code": "KNU",
        "name": "Kannur",
        "nameInLocal": "കണ്ണൂര്‍",
        "active": true,
        "districtId": 0,
        "stateId": 502032,
        "mgrnDistrictId": 13,
        "lgdState": "KERALA(State)",
        "lgdDistCodeId": 557,
        "tcsId": 2064,
        "tcsCode": "\"KLKN\""
    },
    {
        "@class": "in.gov.lsgkerala.mdm.contract.District",
        "id": 503014,
        "code": "KSR",
        "name": "Kasaragod",
        "nameInLocal": "കാസര്‍ഗോഡ്",
        "active": true,
        "districtId": 0,
        "stateId": 502032,
        "mgrnDistrictId": 14,
        "lgdState": "KERALA(State)",
        "lgdDistCodeId": 558,
        "tcsId": 2065,
        "tcsCode": "\"KLKS\""
    }
]