[
  {
    "id": 502001,
    "code": "JK",
    "name": "Jammu And Kashmir",
    "nameInLocal": "ജമ്മു ആന്റ് കാഷ്മീര്‍",
    "active": true,
    "countryId": 501077,
    "lgdStateCode": 1,
    "localCode": "jk",
    "stateType": "U",
    "tcsId": 133,
    "tcsCode": "JK"
  },
  {
    "id": 502002,
    "code": "HP",
    "name": "Himachal Pradesh",
    "nameInLocal": "ഹിമാചല്‍ പ്രദേശ്",
    "active": true,
    "countryId": 501077,
    "lgdStateCode": 2,
    "localCode": "hp",
    "stateType": "S",
    "tcsId": 132,
    "tcsCode": "HP"
  },
  {
    "id": 502003,
    "code": "PB",
    "name": "Punjab",
    "nameInLocal": "പഞ്ചാബ്",
    "active": true,
    "countryId": 501077,
    "lgdStateCode": 3,
    "localCode": "pb",
    "stateType": "S",
    "tcsId": 111,
    "tcsCode": "PB"
  },
  {
    "id": 502004,
    "code": "CH",
    "name": "Chandigarh",
    "nameInLocal": "ചണ്ഡിഗര്‍",
    "active": true,
    "countryId": 501077,
    "lgdStateCode": 4,
    "localCode": "ch",
    "stateType": "U",
    "tcsId": 120,
    "tcsCode": "CH"
  },
  {
    "id": 502005,
    "code": "UT",
    "name": "Uttarakhand",
    "nameInLocal": "ഉത്തരാഖണ്ഡ്",
    "active": true,
    "countryId": 501077,
    "lgdStateCode": 5,
    "localCode": "ut",
    "stateType": "S",
    "tcsId": 0,
    "tcsCode": ""
  },
  {
    "id": 502006,
    "code": "HR",
    "name": "Haryana",
    "nameInLocal": "ഹരിയാന",
    "active": true,
    "countryId": 501077,
    "lgdStateCode": 6,
    "localCode": "hr",
    "stateType": "S",
    "tcsId": 98,
    "tcsCode": "HR"
  },
  {
    "id": 502007,
    "code": "DL",
    "name": "Delhi",
    "nameInLocal": "‍ഡെല്‍ഹി",
    "active": true,
    "countryId": 501077,
    "lgdStateCode": 7,
    "localCode": "dl",
    "stateType": "U",
    "tcsId": 123,
    "tcsCode": "DL"
  },
  {
    "id": 502008,
    "code": "RJ",
    "name": "Rajasthan",
    "nameInLocal": "രാജസ്താന്‍",
    "active": true,
    "countryId": 501077,
    "lgdStateCode": 8,
    "localCode": "rj",
    "stateType": "S",
    "tcsId": 112,
    "tcsCode": "RJ"
  },
  {
    "id": 502009,
    "code": "UP",
    "name": "Uttar Pradesh",
    "nameInLocal": "ഉത്തര്‍ പ്രദേശ്",
    "active": true,
    "countryId": 501077,
    "lgdStateCode": 9,
    "localCode": "up",
    "stateType": "S",
    "tcsId": 117,
    "tcsCode": "UP"
  },
  {
    "id": 502010,
    "code": "BR",
    "name": "Bihar",
    "nameInLocal": "ബീഹാര്‍",
    "active": true,
    "countryId": 501077,
    "lgdStateCode": 10,
    "localCode": "br",
    "stateType": "S",
    "tcsId": 94,
    "tcsCode": "BR"
  },
  {
    "id": 502011,
    "code": "SK",
    "name": "Sikkim",
    "nameInLocal": "സിക്കിം",
    "active": true,
    "countryId": 501077,
    "lgdStateCode": 11,
    "localCode": "sk",
    "stateType": "S",
    "tcsId": 113,
    "tcsCode": "SK"
  },
  {
    "id": 502012,
    "code": "AR",
    "name": "Arunachal Pradesh",
    "nameInLocal": "അരുണാചല്‍ പ്രദേശ്",
    "active": true,
    "countryId": 501077,
    "lgdStateCode": 12,
    "localCode": "ar",
    "stateType": "S",
    "tcsId": 127,
    "tcsCode": "AR"
  },
  {
    "id": 502013,
    "code": "NL",
    "name": "Nagaland",
    "nameInLocal": "നാഗാലാന്റ്",
    "active": true,
    "countryId": 501077,
    "lgdStateCode": 13,
    "localCode": "nl",
    "stateType": "S",
    "tcsId": 109,
    "tcsCode": "NL"
  },
  {
    "id": 502014,
    "code": "MN",
    "name": "Manipur",
    "nameInLocal": "മണിപ്പുര്‍",
    "active": true,
    "countryId": 501077,
    "lgdStateCode": 14,
    "localCode": "mn",
    "stateType": "S",
    "tcsId": 106,
    "tcsCode": "MN"
  },
  {
    "id": 502015,
    "code": "MZ",
    "name": "Mizoram",
    "nameInLocal": "മിസോറാം",
    "active": true,
    "countryId": 501077,
    "lgdStateCode": 15,
    "localCode": "mz",
    "stateType": "S",
    "tcsId": 108,
    "tcsCode": "MZ"
  },
  {
    "id": 502016,
    "code": "TR",
    "name": "Tripura",
    "nameInLocal": "തൃപുര",
    "active": true,
    "countryId": 501077,
    "lgdStateCode": 16,
    "localCode": "tr",
    "stateType": "S",
    "tcsId": 115,
    "tcsCode": "TR"
  },
  {
    "id": 502017,
    "code": "ML",
    "name": "Meghalaya",
    "nameInLocal": "മേഘാലയ",
    "active": true,
    "countryId": 501077,
    "lgdStateCode": 17,
    "localCode": "ml",
    "stateType": "S",
    "tcsId": 107,
    "tcsCode": "ML"
  },
  {
    "id": 502018,
    "code": "AS",
    "name": "Assam",
    "nameInLocal": "ആസം",
    "active": true,
    "countryId": 501077,
    "lgdStateCode": 18,
    "localCode": "as",
    "stateType": "S",
    "tcsId": 93,
    "tcsCode": "AS"
  },
  {
    "id": 502019,
    "code": "WB",
    "name": "West Bengal",
    "nameInLocal": "പശ്ചിമ ബംഗാള്‍",
    "active": true,
    "countryId": 501077,
    "lgdStateCode": 19,
    "localCode": "wb",
    "stateType": "S",
    "tcsId": 118,
    "tcsCode": "WB"
  },
  {
    "id": 502020,
    "code": "JH",
    "name": "Jharkhand",
    "nameInLocal": "ഝാര്‍ഖണ്ഡ്",
    "active": true,
    "countryId": 501077,
    "lgdStateCode": 20,
    "localCode": "jh",
    "stateType": "S",
    "tcsId": 101,
    "tcsCode": "JH"
  },
  {
    "id": 502021,
    "code": "OR",
    "name": "Odisha",
    "nameInLocal": "ഒഡിഷ്യ",
    "active": true,
    "countryId": 501077,
    "lgdStateCode": 21,
    "localCode": "or",
    "stateType": "S",
    "tcsId": 110,
    "tcsCode": "OR"
  },
  {
    "id": 502022,
    "code": "CT",
    "name": "Chhattisgarh",
    "nameInLocal": "ഝത്തീസ്ഗര്‍",
    "active": true,
    "countryId": 501077,
    "lgdStateCode": 22,
    "localCode": "ct",
    "stateType": "S",
    "tcsId": 128,
    "tcsCode": "CG"
  },
  {
    "id": 502023,
    "code": "MP",
    "name": "Madhya Pradesh",
    "nameInLocal": "മദ്ധ്യപ്രദേശ്",
    "active": true,
    "countryId": 501077,
    "lgdStateCode": 23,
    "localCode": "mp",
    "stateType": "S",
    "tcsId": 134,
    "tcsCode": "MP"
  },
  {
    "id": 502024,
    "code": "GJ",
    "name": "Gujarat",
    "nameInLocal": "ഗുജറാത്ത്",
    "active": true,
    "countryId": 501077,
    "lgdStateCode": 24,
    "localCode": "gj",
    "stateType": "S",
    "tcsId": 97,
    "tcsCode": "GJ"
  },
  {
    "id": 502025,
    "code": "DD",
    "name": "Daman And Diu",
    "nameInLocal": "ഡാമന്‍ ആന്റ് ഡ്യൂ",
    "active": false,
    "countryId": 501077,
    "lgdStateCode": 25,
    "localCode": "dd",
    "stateType": "U",
    "tcsId": 131,
    "tcsCode": "DD"
  },
  {
    "id": 502026,
    "code": "DN",
    "name": "Dadra And Nagar Haveli",
    "nameInLocal": "ദാദ്രാ ആന്റ് നാഗര്‍ ഹവേലി",
    "active": false,
    "countryId": 501077,
    "lgdStateCode": 26,
    "localCode": "dn",
    "stateType": "U",
    "tcsId": 130,
    "tcsCode": "DA"
  },
  {
    "id": 502027,
    "code": "MH",
    "name": "Maharashtra",
    "nameInLocal": "മഹാരാഷ്ട്ര",
    "active": true,
    "countryId": 501077,
    "lgdStateCode": 27,
    "localCode": "mh",
    "stateType": "S",
    "tcsId": 105,
    "tcsCode": "MH"
  },
  {
    "id": 502028,
    "code": "AP",
    "name": "Andhra Pradesh",
    "nameInLocal": "ആന്ധ്രാപ്രദേശ്",
    "active": true,
    "countryId": 501077,
    "lgdStateCode": 28,
    "localCode": "ap",
    "stateType": "S",
    "tcsId": 126,
    "tcsCode": "AP"
  },
  {
    "id": 502029,
    "code": "KA",
    "name": "Karnataka",
    "nameInLocal": "കര്‍ണാടക",
    "active": true,
    "countryId": 501077,
    "lgdStateCode": 29,
    "localCode": "ka",
    "stateType": "S",
    "tcsId": 102,
    "tcsCode": "KA"
  },
  {
    "id": 502030,
    "code": "GA",
    "name": "Goa",
    "nameInLocal": "ഗോവ",
    "active": true,
    "countryId": 501077,
    "lgdStateCode": 30,
    "localCode": "ga",
    "stateType": "S",
    "tcsId": 96,
    "tcsCode": "GA"
  },
  {
    "id": 502031,
    "code": "LD",
    "name": "Lakshadweep",
    "nameInLocal": "ലക്ഷദിപ്",
    "active": true,
    "countryId": 501077,
    "lgdStateCode": 31,
    "localCode": "ld",
    "stateType": "U",
    "tcsId": 124,
    "tcsCode": "LD"
  },
  {
    "id": 502032,
    "code": "KL",
    "name": "Kerala",
    "nameInLocal": "കേരളം",
    "active": true,
    "countryId": 501077,
    "lgdStateCode": 32,
    "localCode": "kl",
    "stateType": "S",
    "tcsId": 103,
    "tcsCode": "KL"
  },
  {
    "id": 502033,
    "code": "TN",
    "name": "Tamil Nadu",
    "nameInLocal": "തമിഴ് നാട്",
    "active": true,
    "countryId": 501077,
    "lgdStateCode": 33,
    "localCode": "tn",
    "stateType": "S",
    "tcsId": 114,
    "tcsCode": "TN"
  },
  {
    "id": 502034,
    "code": "PY",
    "name": "Puducherry",
    "nameInLocal": "പുതുച്ചേരി",
    "active": true,
    "countryId": 501077,
    "lgdStateCode": 34,
    "localCode": "py",
    "stateType": "U",
    "tcsId": 125,
    "tcsCode": "PY"
  },
  {
    "id": 502035,
    "code": "AN",
    "name": "Andaman And Nicobar Islands",
    "nameInLocal": "ആന്റമാന്‍ ആന്റ് നിക്കോബാര്‍ ഐലന്റസ്",
    "active": true,
    "countryId": 501077,
    "lgdStateCode": 35,
    "localCode": "an",
    "stateType": "U",
    "tcsId": 129,
    "tcsCode": "AN"
  },
  {
    "id": 502036,
    "code": "TL",
    "name": "Telangana",
    "nameInLocal": "തെലുങ്കാന",
    "active": true,
    "countryId": 501077,
    "lgdStateCode": 36,
    "localCode": "tl",
    "stateType": "S",
    "tcsId": 135,
    "tcsCode": "TE"
  },
  {
    "id": 502037,
    "code": "LK",
    "name": "Ladakh",
    "nameInLocal": "ലഡാക്ക്",
    "active": true,
    "countryId": 501077,
    "lgdStateCode": 37,
    "localCode": "lk",
    "stateType": "U",
    "tcsId": 0,
    "tcsCode": ""
  },
  {
    "id": 502038,
    "code": "UT",
    "name": "THE DADRA AND NAGAR HAVELI AND DAMAN AND DIU",
    "nameInLocal": "ദി ദാദ്ര നഗർ ഹവേലി ആൻഡ് ദാമൻ ആൻഡ് ദിയു",
    "active": true,
    "countryId": 501077,
    "lgdStateCode": 38,
    "localCode": "ut",
    "stateType": "U",
    "tcsId": 0,
    "tcsCode": ""
  }
]